﻿<?xml version="1.0" encoding="utf-8"?>
<ArrayOfInterface xmlns:xsi="http://www.w3.org/2001/XMLSchema-instance" xmlns:xsd="http://www.w3.org/2001/XMLSchema">
  <Interface>
    <ItfID>1</ItfID>
    <Name>Servers\</Name>
    <Descr>Server equipment</Descr>
    <Hidden>false</Hidden>
    <ObjNum xsi:nil="true" />
  </Interface>
  <Interface>
    <ItfID>2</ItfID>
    <Name>Servers\ServerRoom.sch</Name>
    <Descr>Server room scheme</Descr>
    <Hidden>false</Hidden>
    <ObjNum xsi:nil="true" />
  </Interface>
  <Interface>
    <ItfID>3</ItfID>
    <Name>Servers\ServerRoom.tbl</Name>
    <Descr>Server room table</Descr>
    <Hidden>false</Hidden>
    <ObjNum xsi:nil="true" />
  </Interface>
  <Interface>
    <ItfID>11</ItfID>
    <Name>DemoViews\</Name>
    <Descr>Demo</Descr>
    <Hidden>false</Hidden>
    <ObjNum xsi:nil="true" />
  </Interface>
  <Interface>
    <ItfID>12</ItfID>
    <Name>DemoViews\Notifications.tbl</Name>
    <Descr>Notifications</Descr>
    <Hidden>false</Hidden>
    <ObjNum xsi:nil="true" />
  </Interface>
  <Interface>
    <ItfID>13</ItfID>
    <Name>DemoViews\OpcDemo.tbl</Name>
    <Descr>OPC demo</Descr>
    <Hidden>false</Hidden>
    <ObjNum xsi:nil="true" />
  </Interface>
  <Interface>
    <ItfID>14</ItfID>
    <Name>DemoViews\SnmpDemo.tbl</Name>
    <Descr>SNMP demo</Descr>
    <Hidden>false</Hidden>
    <ObjNum xsi:nil="true" />
  </Interface>
</ArrayOfInterface>