﻿<?xml version="1.0" encoding="utf-8"?>
<ArrayOfRight xmlns:xsi="http://www.w3.org/2001/XMLSchema-instance" xmlns:xsd="http://www.w3.org/2001/XMLSchema">
  <Right>
    <RightID>1</RightID>
    <ItfID>1</ItfID>
    <RoleID>11</RoleID>
    <ViewRight>true</ViewRight>
    <CtrlRight>true</CtrlRight>
  </Right>
  <Right>
    <RightID>2</RightID>
    <ItfID>2</ItfID>
    <RoleID>11</RoleID>
    <ViewRight>true</ViewRight>
    <CtrlRight>true</CtrlRight>
  </Right>
  <Right>
    <RightID>3</RightID>
    <ItfID>3</ItfID>
    <RoleID>11</RoleID>
    <ViewRight>true</ViewRight>
    <CtrlRight>true</CtrlRight>
  </Right>
  <Right>
    <RightID>4</RightID>
    <ItfID>11</ItfID>
    <RoleID>12</RoleID>
    <ViewRight>true</ViewRight>
    <CtrlRight>true</CtrlRight>
  </Right>
  <Right>
    <RightID>5</RightID>
    <ItfID>12</ItfID>
    <RoleID>12</RoleID>
    <ViewRight>true</ViewRight>
    <CtrlRight>true</CtrlRight>
  </Right>
  <Right>
    <RightID>6</RightID>
    <ItfID>13</ItfID>
    <RoleID>12</RoleID>
    <ViewRight>true</ViewRight>
    <CtrlRight>true</CtrlRight>
  </Right>
  <Right>
    <RightID>7</RightID>
    <ItfID>14</ItfID>
    <RoleID>12</RoleID>
    <ViewRight>true</ViewRight>
    <CtrlRight>true</CtrlRight>
  </Right>
</ArrayOfRight>