﻿<?xml version="1.0" encoding="utf-8"?>
<ArrayOfArchiveKind xmlns:xsi="http://www.w3.org/2001/XMLSchema-instance" xmlns:xsd="http://www.w3.org/2001/XMLSchema">
  <ArchiveKind>
    <ArchiveKindID>1</ArchiveKindID>
    <Name>Current</Name>
    <Descr>Contains current channel data</Descr>
  </ArchiveKind>
  <ArchiveKind>
    <ArchiveKindID>2</ArchiveKindID>
    <Name>Historical</Name>
    <Descr>Contains historical channel data</Descr>
  </ArchiveKind>
  <ArchiveKind>
    <ArchiveKindID>3</ArchiveKindID>
    <Name>Events</Name>
    <Descr>Contains alarms and events</Descr>
  </ArchiveKind>
</ArrayOfArchiveKind>