﻿<?xml version="1.0" encoding="utf-8"?>
<ArrayOfFormat xmlns:xsi="http://www.w3.org/2001/XMLSchema-instance" xmlns:xsd="http://www.w3.org/2001/XMLSchema">
  <Format>
    <FormatID>1</FormatID>
    <Name>General</Name>
    <Code>G</Code>
    <IsNumber>true</IsNumber>
    <IsEnum>false</IsEnum>
    <IsDate>false</IsDate>
    <IsString>false</IsString>
    <Frmt>G</Frmt>
    <Descr>The more compact of either fixed-point or scientific notation</Descr>
  </Format>
  <Format>
    <FormatID>2</FormatID>
    <Name>D</Name>
    <Code>N0</Code>
    <IsNumber>true</IsNumber>
    <IsEnum>false</IsEnum>
    <IsDate>false</IsDate>
    <IsString>false</IsString>
    <Frmt>N0</Frmt>
    <Descr>Integral and decimal digits, group separators, and a decimal separator</Descr>
  </Format>
  <Format>
    <FormatID>3</FormatID>
    <Name>D.D</Name>
    <Code>N1</Code>
    <IsNumber>true</IsNumber>
    <IsEnum>false</IsEnum>
    <IsDate>false</IsDate>
    <IsString>false</IsString>
    <Frmt>N1</Frmt>
  </Format>
  <Format>
    <FormatID>4</FormatID>
    <Name>D.DD</Name>
    <Code>N2</Code>
    <IsNumber>true</IsNumber>
    <IsEnum>false</IsEnum>
    <IsDate>false</IsDate>
    <IsString>false</IsString>
    <Frmt>N2</Frmt>
  </Format>
  <Format>
    <FormatID>5</FormatID>
    <Name>D.DDD</Name>
    <Code>N3</Code>
    <IsNumber>true</IsNumber>
    <IsEnum>false</IsEnum>
    <IsDate>false</IsDate>
    <IsString>false</IsString>
    <Frmt>N3</Frmt>
  </Format>
  <Format>
    <FormatID>6</FormatID>
    <Name>D.DDDD</Name>
    <Code>N4</Code>
    <IsNumber>true</IsNumber>
    <IsEnum>false</IsEnum>
    <IsDate>false</IsDate>
    <IsString>false</IsString>
    <Frmt>N4</Frmt>
  </Format>
  <Format>
    <FormatID>7</FormatID>
    <Name>D.DDDDD</Name>
    <Code>N5</Code>
    <IsNumber>true</IsNumber>
    <IsEnum>false</IsEnum>
    <IsDate>false</IsDate>
    <IsString>false</IsString>
    <Frmt>N5</Frmt>
  </Format>
  <Format>
    <FormatID>8</FormatID>
    <Name>D.DDDDDD</Name>
    <Code>N6</Code>
    <IsNumber>true</IsNumber>
    <IsEnum>false</IsEnum>
    <IsDate>false</IsDate>
    <IsString>false</IsString>
    <Frmt>N6</Frmt>
  </Format>
  <Format>
    <FormatID>9</FormatID>
    <Name>Hexadecimal</Name>
    <Code>X</Code>
    <IsNumber>true</IsNumber>
    <IsEnum>false</IsEnum>
    <IsDate>false</IsDate>
    <IsString>false</IsString>
    <Frmt>X</Frmt>
    <Descr>Hexadecimal representation of a number</Descr>
  </Format>
  <Format>
    <FormatID>10</FormatID>
    <Name>Hexadecimal 2 digits</Name>
    <Code>X2</Code>
    <IsNumber>true</IsNumber>
    <IsEnum>false</IsEnum>
    <IsDate>false</IsDate>
    <IsString>false</IsString>
    <Frmt>X2</Frmt>
  </Format>
  <Format>
    <FormatID>11</FormatID>
    <Name>Hexadecimal 4 digits</Name>
    <Code>X4</Code>
    <IsNumber>true</IsNumber>
    <IsEnum>false</IsEnum>
    <IsDate>false</IsDate>
    <IsString>false</IsString>
    <Frmt>X4</Frmt>
  </Format>
  <Format>
    <FormatID>12</FormatID>
    <Name>Hexadecimal 8 digits</Name>
    <Code>X8</Code>
    <IsNumber>true</IsNumber>
    <IsEnum>false</IsEnum>
    <IsDate>false</IsDate>
    <IsString>false</IsString>
    <Frmt>X8</Frmt>
  </Format>
  <Format>
    <FormatID>21</FormatID>
    <Name>Off-On</Name>
    <Code>OffOn</Code>
    <IsNumber>false</IsNumber>
    <IsEnum>true</IsEnum>
    <IsDate>false</IsDate>
    <IsString>false</IsString>
    <Frmt>Off; On</Frmt>
  </Format>
  <Format>
    <FormatID>22</FormatID>
    <Name>No-Yes</Name>
    <Code>NoYes</Code>
    <IsNumber>false</IsNumber>
    <IsEnum>true</IsEnum>
    <IsDate>false</IsDate>
    <IsString>false</IsString>
    <Frmt>No; Yes</Frmt>
  </Format>
  <Format>
    <FormatID>23</FormatID>
    <Name>Off</Name>
    <Code>Off</Code>
    <IsNumber>false</IsNumber>
    <IsEnum>true</IsEnum>
    <IsDate>false</IsDate>
    <IsString>false</IsString>
    <Frmt>Off: red</Frmt>
  </Format>
  <Format>
    <FormatID>24</FormatID>
    <Name>On</Name>
    <Code>On</Code>
    <IsNumber>false</IsNumber>
    <IsEnum>true</IsEnum>
    <IsDate>false</IsDate>
    <IsString>false</IsString>
    <Frmt>; On: green</Frmt>
  </Format>
  <Format>
    <FormatID>25</FormatID>
    <Name>Execute</Name>
    <Code>Execute</Code>
    <IsNumber>false</IsNumber>
    <IsEnum>true</IsEnum>
    <IsDate>false</IsDate>
    <IsString>false</IsString>
    <Frmt>; Execute</Frmt>
  </Format>
  <Format>
    <FormatID>26</FormatID>
    <Name>Normal-Error</Name>
    <Code>NormalError</Code>
    <IsNumber>false</IsNumber>
    <IsEnum>true</IsEnum>
    <IsDate>false</IsDate>
    <IsString>false</IsString>
    <Frmt>Normal: green; Error: red</Frmt>
  </Format>
  <Format>
    <FormatID>31</FormatID>
    <Name>Date and time</Name>
    <Code>DateTime</Code>
    <IsNumber>false</IsNumber>
    <IsEnum>false</IsEnum>
    <IsDate>true</IsDate>
    <IsString>false</IsString>
    <Frmt>G</Frmt>
    <Descr>General date/time pattern (long time)</Descr>
  </Format>
  <Format>
    <FormatID>32</FormatID>
    <Name>Date</Name>
    <Code>Date</Code>
    <IsNumber>false</IsNumber>
    <IsEnum>false</IsEnum>
    <IsDate>true</IsDate>
    <IsString>false</IsString>
    <Frmt>d</Frmt>
    <Descr>Short date pattern</Descr>
  </Format>
  <Format>
    <FormatID>33</FormatID>
    <Name>Time</Name>
    <Code>Time</Code>
    <IsNumber>false</IsNumber>
    <IsEnum>false</IsEnum>
    <IsDate>true</IsDate>
    <IsString>false</IsString>
    <Frmt>T</Frmt>
    <Descr>Long time pattern</Descr>
  </Format>
  <Format>
    <FormatID>41</FormatID>
    <Name>String</Name>
    <Code>String</Code>
    <IsNumber>false</IsNumber>
    <IsEnum>false</IsEnum>
    <IsDate>false</IsDate>
    <IsString>true</IsString>
  </Format>
  <Format>
    <FormatID>101</FormatID>
    <Name>Custom format</Name>
    <IsNumber>false</IsNumber>
    <IsEnum>false</IsEnum>
    <IsDate>false</IsDate>
    <IsString>false</IsString>
    <Frmt>G</Frmt>
    <Descr>Add custom items starting from this row</Descr>
  </Format>
</ArrayOfFormat>