﻿<?xml version="1.0" encoding="utf-8"?>
<ArrayOfUnit xmlns:xsi="http://www.w3.org/2001/XMLSchema-instance" xmlns:xsd="http://www.w3.org/2001/XMLSchema">
  <Unit>
    <UnitID>1</UnitID>
    <Name>m</Name>
    <Code>m</Code>
    <Descr>Meter</Descr>
  </Unit>
  <Unit>
    <UnitID>2</UnitID>
    <Name>mm</Name>
    <Code>mm</Code>
    <Descr>Millimeter</Descr>
  </Unit>
  <Unit>
    <UnitID>3</UnitID>
    <Name>km</Name>
    <Code>km</Code>
    <Descr>Kilometer</Descr>
  </Unit>
  <Unit>
    <UnitID>4</UnitID>
    <Name>g</Name>
    <Code>g</Code>
    <Descr>Gram</Descr>
  </Unit>
  <Unit>
    <UnitID>5</UnitID>
    <Name>kg</Name>
    <Code>kg</Code>
    <Descr>Kilogram</Descr>
  </Unit>
  <Unit>
    <UnitID>6</UnitID>
    <Name>t</Name>
    <Code>t</Code>
    <Descr>Tonne</Descr>
  </Unit>
  <Unit>
    <UnitID>11</UnitID>
    <Name>s</Name>
    <Code>s</Code>
    <Descr>Second</Descr>
  </Unit>
  <Unit>
    <UnitID>12</UnitID>
    <Name>ms</Name>
    <Code>ms</Code>
    <Descr>Millisecond</Descr>
  </Unit>
  <Unit>
    <UnitID>13</UnitID>
    <Name>min</Name>
    <Code>Minute</Code>
    <Descr>Minute</Descr>
  </Unit>
  <Unit>
    <UnitID>14</UnitID>
    <Name>h</Name>
    <Code>Hour</Code>
    <Descr>Hour</Descr>
  </Unit>
  <Unit>
    <UnitID>15</UnitID>
    <Name>day</Name>
    <Code>Day</Code>
    <Descr>Day</Descr>
  </Unit>
  <Unit>
    <UnitID>21</UnitID>
    <Name>K</Name>
    <Code>Kelvin</Code>
    <Descr>Kelvin</Descr>
  </Unit>
  <Unit>
    <UnitID>22</UnitID>
    <Name>°C</Name>
    <Code>Celsius</Code>
    <Descr>Celsius</Descr>
  </Unit>
  <Unit>
    <UnitID>23</UnitID>
    <Name>°F</Name>
    <Code>Fahrenheit</Code>
    <Descr>Fahrenheit</Descr>
  </Unit>
  <Unit>
    <UnitID>31</UnitID>
    <Name>m/s</Name>
    <Code>m/s</Code>
    <Descr>Meter per second</Descr>
  </Unit>
  <Unit>
    <UnitID>32</UnitID>
    <Name>km/h</Name>
    <Code>km/h</Code>
    <Descr>Kilometer per hour</Descr>
  </Unit>
  <Unit>
    <UnitID>33</UnitID>
    <Name>m/s²</Name>
    <Code>m/s2</Code>
    <Descr>Meter per second squared</Descr>
  </Unit>
  <Unit>
    <UnitID>34</UnitID>
    <Name>rad/s</Name>
    <Code>rad/s</Code>
    <Descr>Radian per second</Descr>
  </Unit>
  <Unit>
    <UnitID>35</UnitID>
    <Name>rpm</Name>
    <Code>rpm</Code>
    <Descr>Revolution per minute</Descr>
  </Unit>
  <Unit>
    <UnitID>41</UnitID>
    <Name>V</Name>
    <Code>V</Code>
    <Descr>Volt</Descr>
  </Unit>
  <Unit>
    <UnitID>42</UnitID>
    <Name>kV</Name>
    <Code>kV</Code>
    <Descr>Kilovolt</Descr>
  </Unit>
  <Unit>
    <UnitID>43</UnitID>
    <Name>A</Name>
    <Code>A</Code>
    <Descr>Ampere</Descr>
  </Unit>
  <Unit>
    <UnitID>44</UnitID>
    <Name>mA</Name>
    <Code>mA</Code>
    <Descr>Milliampere</Descr>
  </Unit>
  <Unit>
    <UnitID>51</UnitID>
    <Name>W</Name>
    <Code>W</Code>
    <Descr>Watt</Descr>
  </Unit>
  <Unit>
    <UnitID>52</UnitID>
    <Name>kW</Name>
    <Code>kW</Code>
    <Descr>Kilowatt</Descr>
  </Unit>
  <Unit>
    <UnitID>53</UnitID>
    <Name>MW</Name>
    <Code>MW</Code>
    <Descr>Megawatt</Descr>
  </Unit>
  <Unit>
    <UnitID>54</UnitID>
    <Name>var</Name>
    <Code>var</Code>
    <Descr>Volt-ampere reactive</Descr>
  </Unit>
  <Unit>
    <UnitID>55</UnitID>
    <Name>kVAR</Name>
    <Code>kVAR</Code>
    <Descr>Kilovolt-ampere reactive</Descr>
  </Unit>
  <Unit>
    <UnitID>56</UnitID>
    <Name>MVAR</Name>
    <Code>MVAR</Code>
    <Descr>Megavolt-ampere reactive</Descr>
  </Unit>
  <Unit>
    <UnitID>57</UnitID>
    <Name>VA</Name>
    <Code>VA</Code>
    <Descr>Volt-ampere</Descr>
  </Unit>
  <Unit>
    <UnitID>58</UnitID>
    <Name>kVA</Name>
    <Code>kVA</Code>
    <Descr>Kilovolt-ampere</Descr>
  </Unit>
  <Unit>
    <UnitID>59</UnitID>
    <Name>MVA</Name>
    <Code>MVA</Code>
    <Descr>Megavolt-ampere</Descr>
  </Unit>
  <Unit>
    <UnitID>61</UnitID>
    <Name>kWh</Name>
    <Code>kWh</Code>
    <Descr>Kilowatt-hour</Descr>
  </Unit>
  <Unit>
    <UnitID>62</UnitID>
    <Name>MWh</Name>
    <Code>MWh</Code>
    <Descr>Megawatt-hour</Descr>
  </Unit>
  <Unit>
    <UnitID>63</UnitID>
    <Name>kVARh</Name>
    <Code>kVARh</Code>
    <Descr>Kilovolt-ampere-reactive-hour</Descr>
  </Unit>
  <Unit>
    <UnitID>64</UnitID>
    <Name>MVARh</Name>
    <Code>MVARh</Code>
    <Descr>Megavolt-ampere-reactive-hour</Descr>
  </Unit>
  <Unit>
    <UnitID>65</UnitID>
    <Name>Hz</Name>
    <Code>Hz</Code>
    <Descr>Hertz</Descr>
  </Unit>
  <Unit>
    <UnitID>71</UnitID>
    <Name>Pa</Name>
    <Code>Pa</Code>
    <Descr>Pascal</Descr>
  </Unit>
  <Unit>
    <UnitID>72</UnitID>
    <Name>kPa</Name>
    <Code>kPa</Code>
    <Descr>Kilopascal</Descr>
  </Unit>
  <Unit>
    <UnitID>73</UnitID>
    <Name>MPa</Name>
    <Code>MPa</Code>
    <Descr>Megapascal</Descr>
  </Unit>
  <Unit>
    <UnitID>74</UnitID>
    <Name>at</Name>
    <Code>at</Code>
    <Descr>Technical atmosphere</Descr>
  </Unit>
  <Unit>
    <UnitID>75</UnitID>
    <Name>atm</Name>
    <Code>atm</Code>
    <Descr>Standard atmosphere</Descr>
  </Unit>
  <Unit>
    <UnitID>76</UnitID>
    <Name>mmHg</Name>
    <Code>mmHg</Code>
    <Descr>Millimetre of mercury</Descr>
  </Unit>
  <Unit>
    <UnitID>81</UnitID>
    <Name>m³</Name>
    <Code>m3</Code>
    <Descr>Cubic meter</Descr>
  </Unit>
  <Unit>
    <UnitID>82</UnitID>
    <Name>kg/m³</Name>
    <Code>kg/m3</Code>
    <Descr>Kilogram per cubic meter</Descr>
  </Unit>
  <Unit>
    <UnitID>83</UnitID>
    <Name>m³/s</Name>
    <Code>m3/s</Code>
    <Descr>Cubic meter per second</Descr>
  </Unit>
  <Unit>
    <UnitID>84</UnitID>
    <Name>m³/h</Name>
    <Code>m3/h</Code>
    <Descr>Cubic meter per hour</Descr>
  </Unit>
  <Unit>
    <UnitID>91</UnitID>
    <Name>J</Name>
    <Code>J</Code>
    <Descr>Joule</Descr>
  </Unit>
  <Unit>
    <UnitID>92</UnitID>
    <Name>kJ</Name>
    <Code>kJ</Code>
    <Descr>Kilojoule</Descr>
  </Unit>
  <Unit>
    <UnitID>93</UnitID>
    <Name>MJ</Name>
    <Code>MJ</Code>
    <Descr>Megajoule</Descr>
  </Unit>
  <Unit>
    <UnitID>94</UnitID>
    <Name>cal</Name>
    <Code>cal</Code>
    <Descr>Calorie</Descr>
  </Unit>
  <Unit>
    <UnitID>95</UnitID>
    <Name>kcal</Name>
    <Code>kcal</Code>
    <Descr>Kilocalorie</Descr>
  </Unit>
  <Unit>
    <UnitID>96</UnitID>
    <Name>Gcal</Name>
    <Code>Gcal</Code>
    <Descr>Gigacalorie</Descr>
  </Unit>
  <Unit>
    <UnitID>101</UnitID>
    <Name>%</Name>
    <Code>%</Code>
    <Descr>Percent</Descr>
  </Unit>
  <Unit>
    <UnitID>102</UnitID>
    <Name>‰</Name>
    <Code>permille</Code>
    <Descr>Per mille</Descr>
  </Unit>
  <Unit>
    <UnitID>103</UnitID>
    <Name>ppm</Name>
    <Code>ppm</Code>
    <Descr>Parts-per-million, 10e-6</Descr>
  </Unit>
  <Unit>
    <UnitID>104</UnitID>
    <Name>ppb</Name>
    <Code>ppb</Code>
    <Descr>Parts-per-billion, 10e-9</Descr>
  </Unit>
  <Unit>
    <UnitID>105</UnitID>
    <Name>ppt</Name>
    <Code>ppt</Code>
    <Descr>Parts-per-trillion, 10e-12</Descr>
  </Unit>
  <Unit>
    <UnitID>106</UnitID>
    <Name>ppq</Name>
    <Code>ppq</Code>
    <Descr>Parts-per-quadrillion, 10e-15</Descr>
  </Unit>
  <Unit>
    <UnitID>107</UnitID>
    <Name>pcs</Name>
    <Code>pcs</Code>
    <Descr>Pieces</Descr>
  </Unit>
  <Unit>
    <UnitID>111</UnitID>
    <Name>L</Name>
    <Code>L</Code>
    <Descr>Liter</Descr>
  </Unit>
  <Unit>
    <UnitID>112</UnitID>
    <Name>L/s</Name>
    <Code>L/s</Code>
    <Descr>Liter per second</Descr>
  </Unit>
  <Unit>
    <UnitID>113</UnitID>
    <Name>L/min</Name>
    <Code>L/min</Code>
    <Descr>Liter per minute</Descr>
  </Unit>
  <Unit>
    <UnitID>114</UnitID>
    <Name>L/h</Name>
    <Code>L/h</Code>
    <Descr>Liter per hour</Descr>
  </Unit>
  <Unit>
    <UnitID>115</UnitID>
    <Name>g/L</Name>
    <Code>g/L</Code>
    <Descr>Gram per liter</Descr>
  </Unit>
  <Unit>
    <UnitID>116</UnitID>
    <Name>kg/L</Name>
    <Code>kg/L</Code>
    <Descr>Kilogram per liter</Descr>
  </Unit>
  <Unit>
    <UnitID>1001</UnitID>
    <Name>Custom unit</Name>
    <Descr>Add custom items starting from this row</Descr>
  </Unit>
</ArrayOfUnit>