﻿<?xml version="1.0" encoding="utf-8"?>
<ArrayOfView xmlns:xsi="http://www.w3.org/2001/XMLSchema-instance" xmlns:xsd="http://www.w3.org/2001/XMLSchema">
  <View>
    <ViewID>1</ViewID>
    <Path>HelloWorld\</Path>
    <ViewTypeID xsi:nil="true" />
    <Title>Hello World</Title>
    <Ord xsi:nil="true" />
    <Hidden>false</Hidden>
    <ObjNum>1</ObjNum>
  </View>
  <View>
    <ViewID>2</ViewID>
    <Path>HelloWorld\Simulator.tbl</Path>
    <ViewTypeID xsi:nil="true" />
    <Title>Simulator</Title>
    <Ord xsi:nil="true" />
    <Hidden>false</Hidden>
    <ObjNum>1</ObjNum>
  </View>
</ArrayOfView>