﻿<?xml version="1.0" encoding="utf-8"?>
<KpOpcConfig>
  <Params>
    <Param name="ServerPath" value="Matrikon.OPC.Simulation/{f8582cf2-88fb-11d0-b850-00c0f0104305}" />
    <Param name="DaSpecification" value="Data Access 3.00" />
  </Params>
  <DataGroups>
    <DataGroup name="Demo" active="true" updateRate="1000" deadband="0">
      <DataItem name="Saw-toothed Waves.Real8" path="" active="true" isArray="false" arrayLen="1" cnlNum="0" />
      <DataItem name="Triangle Waves.Real4" path="" active="true" isArray="false" arrayLen="1" cnlNum="0" />
      <DataItem name="Triangle Waves.Int2" path="" active="true" isArray="false" arrayLen="1" cnlNum="0" />
    </DataGroup>
  </DataGroups>
  <EventGroups />
  <Commands />
</KpOpcConfig>