﻿<?xml version="1.0" encoding="utf-8"?>
<ScadaCommSvcConfig>
  <!--Common Parameters-->
  <CommonParams>
    <Param name="ServerUse" value="true" descr="Use SCADA-Server" />
    <Param name="ServerHost" value="localhost" descr="SCADA-Server host or IP address" />
    <Param name="ServerPort" value="10000" descr="SCADA-Server TCP port number" />
    <Param name="ServerUser" value="ScadaComm" descr="User name for the connection to SCADA-Server" />
    <Param name="ServerPwd" value="12345" descr="User password for the connection to SCADA-Server" />
    <Param name="ServerTimeout" value="10000" descr="SCADA-Server response timeout, ms" />
    <Param name="WaitForStop" value="10000" descr="Wait for communication lines termination, ms" />
    <Param name="SendModData" value="true" descr="Send only modified device tags" />
    <Param name="SendAllDataPer" value="60" descr="Period of sending all device tags, sec" />
  </CommonParams>
  <!--Communication Lines-->
  <CommLines>
    <!--Line 1-->
    <CommLine active="true" bind="true" number="1" name="Modbus">
      <CommChannel type="TcpClient">
        <Param name="Behavior" value="Master" />
        <Param name="ConnMode" value="Individual" />
        <Param name="IpAddress" value="" />
        <Param name="TcpPort" value="502" />
      </CommChannel>
      <LineParams>
        <Param name="ReqTriesCnt" value="3" descr="Device request retries count on error" />
        <Param name="CycleDelay" value="0" descr="Delay after request cycle, ms" />
        <Param name="CmdEnabled" value="true" descr="Commands enabled" />
        <Param name="ReqAfterCmd" value="false" descr="Request device after command" />
        <Param name="DetailedLog" value="true" descr="Write detailed information to the log" />
      </LineParams>
      <CustomParams>
        <Param name="TransMode" value="TCP" />
      </CustomParams>
      <ReqSequence>
        <KP active="true" bind="true" number="11" name="ADAM-6015 Server room" dll="KpModbus.dll" address="1" callNum="127.0.0.1" timeout="1000" delay="200" time="00:00:00" period="00:00:00" cmdLine="KpModbus_Adam6015.xml" />
      </ReqSequence>
    </CommLine>
    <!--Line 2-->
    <CommLine active="true" bind="true" number="2" name="OPC">
      <CommChannel type="" />
      <LineParams>
        <Param name="ReqTriesCnt" value="3" descr="Device request retries count on error" />
        <Param name="CycleDelay" value="0" descr="Delay after request cycle, ms" />
        <Param name="CmdEnabled" value="false" descr="Commands enabled" />
        <Param name="ReqAfterCmd" value="false" descr="Request device after command" />
        <Param name="DetailedLog" value="true" descr="Write detailed information to the log" />
      </LineParams>
      <CustomParams />
      <ReqSequence>
        <KP active="true" bind="true" number="21" name="OPC Demo" dll="KpOpc.dll" address="0" callNum="" timeout="0" delay="200" time="00:00:00" period="00:00:00" cmdLine="" />
      </ReqSequence>
    </CommLine>
    <!--Line 3-->
    <CommLine active="true" bind="true" number="3" name="GSM">
      <CommChannel type="Serial">
        <Param name="BaudRate" value="19200" />
        <Param name="Behavior" value="Master" />
        <Param name="DataBits" value="8" />
        <Param name="DtrEnable" value="False" />
        <Param name="Parity" value="None" />
        <Param name="PortName" value="COM1" />
        <Param name="RtsEnable" value="False" />
        <Param name="StopBits" value="One" />
      </CommChannel>
      <LineParams>
        <Param name="ReqTriesCnt" value="3" descr="Device request retries count on error" />
        <Param name="CycleDelay" value="0" descr="Delay after request cycle, ms" />
        <Param name="CmdEnabled" value="true" descr="Commands enabled" />
        <Param name="ReqAfterCmd" value="false" descr="Request device after command" />
        <Param name="DetailedLog" value="true" descr="Write detailed information to the log" />
      </LineParams>
      <CustomParams />
      <ReqSequence>
        <KP active="true" bind="true" number="31" name="Cinterion MC52iT" dll="KpSms.dll" address="0" callNum="+01234567890" timeout="5000" delay="500" time="00:00:00" period="00:00:00" cmdLine="" />
      </ReqSequence>
    </CommLine>
    <!--Line 4-->
    <CommLine active="true" bind="true" number="4" name="Email">
      <CommChannel type="" />
      <LineParams>
        <Param name="ReqTriesCnt" value="3" descr="Device request retries count on error" />
        <Param name="CycleDelay" value="0" descr="Delay after request cycle, ms" />
        <Param name="CmdEnabled" value="true" descr="Commands enabled" />
        <Param name="ReqAfterCmd" value="false" descr="Request device after command" />
        <Param name="DetailedLog" value="true" descr="Write detailed information to the log" />
      </LineParams>
      <CustomParams />
      <ReqSequence>
        <KP active="true" bind="true" number="41" name="Email sender" dll="KpEmail.dll" address="0" callNum="" timeout="10000" delay="200" time="00:00:00" period="00:00:00" cmdLine="" />
      </ReqSequence>
    </CommLine>
    <!--Line 5-->
    <CommLine active="true" bind="true" number="5" name="SNMP">
      <CommChannel type="" />
      <LineParams>
        <Param name="ReqTriesCnt" value="3" descr="Device request retries count on error" />
        <Param name="CycleDelay" value="0" descr="Delay after request cycle, ms" />
        <Param name="CmdEnabled" value="false" descr="Commands enabled" />
        <Param name="ReqAfterCmd" value="false" descr="Request device after command" />
        <Param name="DetailedLog" value="true" descr="Write detailed information to the log" />
      </LineParams>
      <CustomParams />
      <ReqSequence>
        <KP active="true" bind="true" number="51" name="Local PC" dll="KpSnmp.dll" address="0" callNum="127.0.0.1" timeout="1000" delay="200" time="00:00:00" period="00:00:00" cmdLine="" />
      </ReqSequence>
    </CommLine>
  </CommLines>
</ScadaCommSvcConfig>